<Delete all angle brackets (< >) and their contents before uploading>,,,
<Header section defines file version and run metadata>,,,
[Header],,,
FileFormatVersion,2,,
RunName,MyRun,,
InstrumentPlatform,NextSeq1k2k,,
InstrumentType,NextSeq2000,,
,,,
<Reads section defines run layout. Include genomic and index reads>,,,
[Reads],,,
Read1Cycles,125,,
Read2Cycles,125,,
Index1Cycles,8,,
Index2Cycles,8,,
,,,
<Enter analysis settings for demultiplexing. Used by BCL Convert software.>,,,
[BCLConvert_Settings],,,
SoftwareVersion,x.y.z,,
,,,
<Enter sample information of each sample in the run for demultiplexing. Used by BCL Convert software.>,,,
[BCLConvert_Data],,,
Lane,Sample_ID,index,index2
1,S01-TOO-12plex-P1-rep1,ATCCACTG,AGGTGCGT
1,S02-TOO-12plex-P1-rep2,GCTTGTCA,GAACATAC
1,S03-TOO-12plex-P1-rep3,GCTTGTCA,GAACATAC
1,S04-TOO-12plex-P1-rep4,GCTTGTCA,GAACATAC
,,,
<Enter analysis settings for corresponding application. Used by corresponding analysis software.>,,,
[<ApplicationName>_Settings],,,
SoftwareVersion,x.y.z,,
,,,
<Enter sample information of each sample intended for analysis. Used by corresponding analysis software.>,,,
[<ApplicationName>_Data],,,
Sample_ID,,,
S01-TOO-12plex-P1-rep1,,,
S02-TOO-12plex-P1-rep2,,,
S03-TOO-12plex-P1-rep3,,,
S04-TOO-12plex-P1-rep4,,,